"Id","Path","Slice Name","Alias(s)","Label","Min","Max","Must Support?","Is Modifier?","Is Summary?","Type(s)","Short","Definition","Comments","Requirements","Default Value","Meaning When Missing","Fixed Value","Pattern","Example","Minimum Value","Maximum Value","Maximum Length","Binding Strength","Binding Description","Binding Value Set","Code","Slicing Discriminator","Slicing Description","Slicing Ordered","Slicing Rules","Base Path","Base Min","Base Max","Condition(s)","Constraint(s)","Mapping: RIM Mapping"
"Extension","Extension","","","",0,*,"","","","null {[]} {[]}
","Nucleic acids are defined by three distinct elements: the base, sugar and linkage. Individual substance/moiety IDs will be created for each of these elements. The nucleotide sequence will be always entered in the 5’-3’ direction","An Extension","","","","","","","","","",,,,,"",,,,"Extension",0,*,"ele-1
","ele-1:All FHIR elements must have a @value or children {hasValue() or (children().count() > id.count())}
ext-1:Must have either extensions or value[x], not both {extension.exists() != value.exists()}"
"Extension.id","Extension.id","","","",0,1,"","","","string {[]} {[]}
","Unique id for inter-element referencing","Unique id for the element within a resource (for internal references). This may be any string value that does not contain spaces.","","","","","","","","","",,,,,"",,,,"Element.id",0,1,"","","n/a"
"Extension.extension","Extension.extension","","","",0,*,"","","","Extension {[]} {[]}
","Extension","An Extension","","","","","","","","","",,,,,"","value:url}
","Extensions are always sliced by (at least) url",,"closed","Element.extension",0,*,"","ele-1:All FHIR elements must have a @value or children {hasValue() or (children().count() > id.count())}
ext-1:Must have either extensions or value[x], not both {extension.exists() != value.exists()}"
"Extension.extension:sequenceType","Extension.extension","sequenceType","","",0,1,"","","","Extension {[]} {[]}
","The type of the sequence shall be specified based on a controlled vocabulary","An Extension","","","","","","","","","",,,,,"",,,,"Element.extension",0,*,"","ele-1:All FHIR elements must have a @value or children {hasValue() or (children().count() > id.count())}
ext-1:Must have either extensions or value[x], not both {extension.exists() != value.exists()}"
"Extension.extension:sequenceType.id","Extension.extension.id","","","",0,1,"","","","string {[]} {[]}
","Unique id for inter-element referencing","Unique id for the element within a resource (for internal references). This may be any string value that does not contain spaces.","","","","","","","","","",,,,,"",,,,"Element.id",0,1,"","","n/a"
"Extension.extension:sequenceType.extension","Extension.extension.extension","","extensions
user content","",0,*,"","","","Extension {[]} {[]}
","Additional content defined by implementations","May be used to represent additional information that is not part of the basic definition of the element. To make the use of extensions safe and manageable, there is a strict set of governance  applied to the definition and use of extensions. Though any implementer can define an extension, there is a set of requirements that SHALL be met as part of the definition of the extension.","There can be no stigma associated with the use of extensions by any application, project, or standard - regardless of the institution or jurisdiction that uses or defines the extensions.  The use of extensions is what allows the FHIR specification to retain a core level of simplicity for everyone.","","","","","","","","",,,,,"","value:url}
","Extensions are always sliced by (at least) url",,"open","Element.extension",0,*,"","ele-1:All FHIR elements must have a @value or children {hasValue() or (children().count() > id.count())}
ext-1:Must have either extensions or value[x], not both {extension.exists() != value.exists()}","n/a"
"Extension.extension:sequenceType.url","Extension.extension.url","","","",1,1,"","","","uri {[]} {[]}
","identifies the meaning of the extension","Source of the definition for the extension code - a logical name or a URL.","The definition may point directly to a computable or human-readable definition of the extensibility codes, or it may be a logical URI as declared in some other specification. The definition SHALL be a URI for the Structure Definition defining the extension.","","","","","","","","",,,,,"",,,,"Extension.url",1,1,"","","N/A"
"Extension.extension:sequenceType.value[x]","Extension.extension.value[x]","","","",0,1,"","","","CodeableConcept {[]} {[]}
","The type of the sequence shall be specified based on a controlled vocabulary","Value of extension - must be one of a constrained set of the data types (see [Extensibility](http://hl7.org/fhir/R4/extensibility.html) for a list).","","","","","","","","","",,,,,"",,,,"Extension.value[x]",0,1,"","ele-1:All FHIR elements must have a @value or children {hasValue() or (children().count() > id.count())}
","N/A"
"Extension.extension:numberOfSubunits","Extension.extension","numberOfSubunits","","",0,1,"","","","Extension {[]} {[]}
","The number of linear sequences of nucleotides linked through phosphodiester bonds shall be described. Subunits would be strands of nucleic acids that are tightly associated typically through Watson-Crick base pairing. NOTE: If not specified in the reference source, the assumption is that there is 1 subunit","An Extension","","","","","","","","","",,,,,"",,,,"Element.extension",0,*,"","ele-1:All FHIR elements must have a @value or children {hasValue() or (children().count() > id.count())}
ext-1:Must have either extensions or value[x], not both {extension.exists() != value.exists()}"
"Extension.extension:numberOfSubunits.id","Extension.extension.id","","","",0,1,"","","","string {[]} {[]}
","Unique id for inter-element referencing","Unique id for the element within a resource (for internal references). This may be any string value that does not contain spaces.","","","","","","","","","",,,,,"",,,,"Element.id",0,1,"","","n/a"
"Extension.extension:numberOfSubunits.extension","Extension.extension.extension","","extensions
user content","",0,*,"","","","Extension {[]} {[]}
","Additional content defined by implementations","May be used to represent additional information that is not part of the basic definition of the element. To make the use of extensions safe and manageable, there is a strict set of governance  applied to the definition and use of extensions. Though any implementer can define an extension, there is a set of requirements that SHALL be met as part of the definition of the extension.","There can be no stigma associated with the use of extensions by any application, project, or standard - regardless of the institution or jurisdiction that uses or defines the extensions.  The use of extensions is what allows the FHIR specification to retain a core level of simplicity for everyone.","","","","","","","","",,,,,"","value:url}
","Extensions are always sliced by (at least) url",,"open","Element.extension",0,*,"","ele-1:All FHIR elements must have a @value or children {hasValue() or (children().count() > id.count())}
ext-1:Must have either extensions or value[x], not both {extension.exists() != value.exists()}","n/a"
"Extension.extension:numberOfSubunits.url","Extension.extension.url","","","",1,1,"","","","uri {[]} {[]}
","identifies the meaning of the extension","Source of the definition for the extension code - a logical name or a URL.","The definition may point directly to a computable or human-readable definition of the extensibility codes, or it may be a logical URI as declared in some other specification. The definition SHALL be a URI for the Structure Definition defining the extension.","","","","","","","","",,,,,"",,,,"Extension.url",1,1,"","","N/A"
"Extension.extension:numberOfSubunits.value[x]","Extension.extension.value[x]","","","",0,1,"","","","integer {[]} {[]}
","The number of linear sequences of nucleotides linked through phosphodiester bonds shall be described. Subunits would be strands of nucleic acids that are tightly associated typically through Watson-Crick base pairing. NOTE: If not specified in the reference source, the assumption is that there is 1 subunit","Value of extension - must be one of a constrained set of the data types (see [Extensibility](http://hl7.org/fhir/R4/extensibility.html) for a list).","","","","","","","","","",,,,,"",,,,"Extension.value[x]",0,1,"","ele-1:All FHIR elements must have a @value or children {hasValue() or (children().count() > id.count())}
","N/A"
"Extension.extension:areaOfHybridisation","Extension.extension","areaOfHybridisation","","",0,1,"","","","Extension {[]} {[]}
","The area of hybridisation shall be described if applicable for double stranded RNA or DNA. The number associated with the subunit followed by the number associated to the residue shall be specified in increasing order. The underscore “” shall be used as separator as follows: “Subunitnumber Residue”","An Extension","","","","","","","","","",,,,,"",,,,"Element.extension",0,*,"","ele-1:All FHIR elements must have a @value or children {hasValue() or (children().count() > id.count())}
ext-1:Must have either extensions or value[x], not both {extension.exists() != value.exists()}"
"Extension.extension:areaOfHybridisation.id","Extension.extension.id","","","",0,1,"","","","string {[]} {[]}
","Unique id for inter-element referencing","Unique id for the element within a resource (for internal references). This may be any string value that does not contain spaces.","","","","","","","","","",,,,,"",,,,"Element.id",0,1,"","","n/a"
"Extension.extension:areaOfHybridisation.extension","Extension.extension.extension","","extensions
user content","",0,*,"","","","Extension {[]} {[]}
","Additional content defined by implementations","May be used to represent additional information that is not part of the basic definition of the element. To make the use of extensions safe and manageable, there is a strict set of governance  applied to the definition and use of extensions. Though any implementer can define an extension, there is a set of requirements that SHALL be met as part of the definition of the extension.","There can be no stigma associated with the use of extensions by any application, project, or standard - regardless of the institution or jurisdiction that uses or defines the extensions.  The use of extensions is what allows the FHIR specification to retain a core level of simplicity for everyone.","","","","","","","","",,,,,"","value:url}
","Extensions are always sliced by (at least) url",,"open","Element.extension",0,*,"","ele-1:All FHIR elements must have a @value or children {hasValue() or (children().count() > id.count())}
ext-1:Must have either extensions or value[x], not both {extension.exists() != value.exists()}","n/a"
"Extension.extension:areaOfHybridisation.url","Extension.extension.url","","","",1,1,"","","","uri {[]} {[]}
","identifies the meaning of the extension","Source of the definition for the extension code - a logical name or a URL.","The definition may point directly to a computable or human-readable definition of the extensibility codes, or it may be a logical URI as declared in some other specification. The definition SHALL be a URI for the Structure Definition defining the extension.","","","","","","","","",,,,,"",,,,"Extension.url",1,1,"","","N/A"
"Extension.extension:areaOfHybridisation.value[x]","Extension.extension.value[x]","","","",0,1,"","","","string {[]} {[]}
","The area of hybridisation shall be described if applicable for double stranded RNA or DNA. The number associated with the subunit followed by the number associated to the residue shall be specified in increasing order. The underscore “” shall be used as separator as follows: “Subunitnumber Residue”","Value of extension - must be one of a constrained set of the data types (see [Extensibility](http://hl7.org/fhir/R4/extensibility.html) for a list).","","","","","","","","","",,,,,"",,,,"Extension.value[x]",0,1,"","ele-1:All FHIR elements must have a @value or children {hasValue() or (children().count() > id.count())}
","N/A"
"Extension.extension:oligoNucleotideType","Extension.extension","oligoNucleotideType","","",0,1,"","","","Extension {[]} {[]}
","(TBC)","An Extension","","","","","","","","","",,,,,"",,,,"Element.extension",0,*,"","ele-1:All FHIR elements must have a @value or children {hasValue() or (children().count() > id.count())}
ext-1:Must have either extensions or value[x], not both {extension.exists() != value.exists()}"
"Extension.extension:oligoNucleotideType.id","Extension.extension.id","","","",0,1,"","","","string {[]} {[]}
","Unique id for inter-element referencing","Unique id for the element within a resource (for internal references). This may be any string value that does not contain spaces.","","","","","","","","","",,,,,"",,,,"Element.id",0,1,"","","n/a"
"Extension.extension:oligoNucleotideType.extension","Extension.extension.extension","","extensions
user content","",0,*,"","","","Extension {[]} {[]}
","Additional content defined by implementations","May be used to represent additional information that is not part of the basic definition of the element. To make the use of extensions safe and manageable, there is a strict set of governance  applied to the definition and use of extensions. Though any implementer can define an extension, there is a set of requirements that SHALL be met as part of the definition of the extension.","There can be no stigma associated with the use of extensions by any application, project, or standard - regardless of the institution or jurisdiction that uses or defines the extensions.  The use of extensions is what allows the FHIR specification to retain a core level of simplicity for everyone.","","","","","","","","",,,,,"","value:url}
","Extensions are always sliced by (at least) url",,"open","Element.extension",0,*,"","ele-1:All FHIR elements must have a @value or children {hasValue() or (children().count() > id.count())}
ext-1:Must have either extensions or value[x], not both {extension.exists() != value.exists()}","n/a"
"Extension.extension:oligoNucleotideType.url","Extension.extension.url","","","",1,1,"","","","uri {[]} {[]}
","identifies the meaning of the extension","Source of the definition for the extension code - a logical name or a URL.","The definition may point directly to a computable or human-readable definition of the extensibility codes, or it may be a logical URI as declared in some other specification. The definition SHALL be a URI for the Structure Definition defining the extension.","","","","","","","","",,,,,"",,,,"Extension.url",1,1,"","","N/A"
"Extension.extension:oligoNucleotideType.value[x]","Extension.extension.value[x]","","","",0,1,"","","","CodeableConcept {[]} {[]}
","(TBC)","Value of extension - must be one of a constrained set of the data types (see [Extensibility](http://hl7.org/fhir/R4/extensibility.html) for a list).","","","","","","","","","",,,,,"",,,,"Extension.value[x]",0,1,"","ele-1:All FHIR elements must have a @value or children {hasValue() or (children().count() > id.count())}
","N/A"
"Extension.extension:subunit","Extension.extension","subunit","","",0,*,"","","","Extension {[]} {[]}
","Subunits are listed in order of decreasing length; sequences of the same length will be ordered by molecular weight; subunits that have identical sequences will be repeated multiple times","An Extension","","","","","","","","","",,,,,"",,,,"Element.extension",0,*,"","ele-1:All FHIR elements must have a @value or children {hasValue() or (children().count() > id.count())}
ext-1:Must have either extensions or value[x], not both {extension.exists() != value.exists()}"
"Extension.extension:subunit.id","Extension.extension.id","","","",0,1,"","","","string {[]} {[]}
","Unique id for inter-element referencing","Unique id for the element within a resource (for internal references). This may be any string value that does not contain spaces.","","","","","","","","","",,,,,"",,,,"Element.id",0,1,"","","n/a"
"Extension.extension:subunit.extension","Extension.extension.extension","","","",0,*,"","","","Extension {[]} {[]}
","Extension","An Extension","","","","","","","","","",,,,,"","value:url}
","Extensions are always sliced by (at least) url",,"closed","Element.extension",0,*,"","ele-1:All FHIR elements must have a @value or children {hasValue() or (children().count() > id.count())}
ext-1:Must have either extensions or value[x], not both {extension.exists() != value.exists()}"
"Extension.extension:subunit.extension:subunit","Extension.extension.extension","subunit","","",0,1,"","","","Extension {[]} {[]}
","Index of linear sequences of nucleic acids in order of decreasing length. Sequences of the same length will be ordered by molecular weight. Subunits that have identical sequences will be repeated and have sequential subscripts","An Extension","","","","","","","","","",,,,,"",,,,"Element.extension",0,*,"","ele-1:All FHIR elements must have a @value or children {hasValue() or (children().count() > id.count())}
ext-1:Must have either extensions or value[x], not both {extension.exists() != value.exists()}"
"Extension.extension:subunit.extension:subunit.id","Extension.extension.extension.id","","","",0,1,"","","","string {[]} {[]}
","Unique id for inter-element referencing","Unique id for the element within a resource (for internal references). This may be any string value that does not contain spaces.","","","","","","","","","",,,,,"",,,,"Element.id",0,1,"","","n/a"
"Extension.extension:subunit.extension:subunit.extension","Extension.extension.extension.extension","","extensions
user content","",0,*,"","","","Extension {[]} {[]}
","Additional content defined by implementations","May be used to represent additional information that is not part of the basic definition of the element. To make the use of extensions safe and manageable, there is a strict set of governance  applied to the definition and use of extensions. Though any implementer can define an extension, there is a set of requirements that SHALL be met as part of the definition of the extension.","There can be no stigma associated with the use of extensions by any application, project, or standard - regardless of the institution or jurisdiction that uses or defines the extensions.  The use of extensions is what allows the FHIR specification to retain a core level of simplicity for everyone.","","","","","","","","",,,,,"","value:url}
","Extensions are always sliced by (at least) url",,"open","Element.extension",0,*,"","ele-1:All FHIR elements must have a @value or children {hasValue() or (children().count() > id.count())}
ext-1:Must have either extensions or value[x], not both {extension.exists() != value.exists()}","n/a"
"Extension.extension:subunit.extension:subunit.url","Extension.extension.extension.url","","","",1,1,"","","","uri {[]} {[]}
","identifies the meaning of the extension","Source of the definition for the extension code - a logical name or a URL.","The definition may point directly to a computable or human-readable definition of the extensibility codes, or it may be a logical URI as declared in some other specification. The definition SHALL be a URI for the Structure Definition defining the extension.","","","","","","","","",,,,,"",,,,"Extension.url",1,1,"","","N/A"
"Extension.extension:subunit.extension:subunit.value[x]","Extension.extension.extension.value[x]","","","",0,1,"","","","integer {[]} {[]}
","Index of linear sequences of nucleic acids in order of decreasing length. Sequences of the same length will be ordered by molecular weight. Subunits that have identical sequences will be repeated and have sequential subscripts","Value of extension - must be one of a constrained set of the data types (see [Extensibility](http://hl7.org/fhir/R4/extensibility.html) for a list).","","","","","","","","","",,,,,"",,,,"Extension.value[x]",0,1,"","ele-1:All FHIR elements must have a @value or children {hasValue() or (children().count() > id.count())}
","N/A"
"Extension.extension:subunit.extension:sequence","Extension.extension.extension","sequence","","",0,1,"","","","Extension {[]} {[]}
","Actual nucleotide sequence notation from 5' to 3' end using standard single letter codes. In addition to the base sequence, sugar and type of phosphate or non-phosphate linkage should also be captured","An Extension","","","","","","","","","",,,,,"",,,,"Element.extension",0,*,"","ele-1:All FHIR elements must have a @value or children {hasValue() or (children().count() > id.count())}
ext-1:Must have either extensions or value[x], not both {extension.exists() != value.exists()}"
"Extension.extension:subunit.extension:sequence.id","Extension.extension.extension.id","","","",0,1,"","","","string {[]} {[]}
","Unique id for inter-element referencing","Unique id for the element within a resource (for internal references). This may be any string value that does not contain spaces.","","","","","","","","","",,,,,"",,,,"Element.id",0,1,"","","n/a"
"Extension.extension:subunit.extension:sequence.extension","Extension.extension.extension.extension","","extensions
user content","",0,*,"","","","Extension {[]} {[]}
","Additional content defined by implementations","May be used to represent additional information that is not part of the basic definition of the element. To make the use of extensions safe and manageable, there is a strict set of governance  applied to the definition and use of extensions. Though any implementer can define an extension, there is a set of requirements that SHALL be met as part of the definition of the extension.","There can be no stigma associated with the use of extensions by any application, project, or standard - regardless of the institution or jurisdiction that uses or defines the extensions.  The use of extensions is what allows the FHIR specification to retain a core level of simplicity for everyone.","","","","","","","","",,,,,"","value:url}
","Extensions are always sliced by (at least) url",,"open","Element.extension",0,*,"","ele-1:All FHIR elements must have a @value or children {hasValue() or (children().count() > id.count())}
ext-1:Must have either extensions or value[x], not both {extension.exists() != value.exists()}","n/a"
"Extension.extension:subunit.extension:sequence.url","Extension.extension.extension.url","","","",1,1,"","","","uri {[]} {[]}
","identifies the meaning of the extension","Source of the definition for the extension code - a logical name or a URL.","The definition may point directly to a computable or human-readable definition of the extensibility codes, or it may be a logical URI as declared in some other specification. The definition SHALL be a URI for the Structure Definition defining the extension.","","","","","","","","",,,,,"",,,,"Extension.url",1,1,"","","N/A"
"Extension.extension:subunit.extension:sequence.value[x]","Extension.extension.extension.value[x]","","","",0,1,"","","","string {[]} {[]}
","Actual nucleotide sequence notation from 5' to 3' end using standard single letter codes. In addition to the base sequence, sugar and type of phosphate or non-phosphate linkage should also be captured","Value of extension - must be one of a constrained set of the data types (see [Extensibility](http://hl7.org/fhir/R4/extensibility.html) for a list).","","","","","","","","","",,,,,"",,,,"Extension.value[x]",0,1,"","ele-1:All FHIR elements must have a @value or children {hasValue() or (children().count() > id.count())}
","N/A"
"Extension.extension:subunit.extension:length","Extension.extension.extension","length","","",0,1,"","","","Extension {[]} {[]}
","The length of the sequence shall be captured","An Extension","","","","","","","","","",,,,,"",,,,"Element.extension",0,*,"","ele-1:All FHIR elements must have a @value or children {hasValue() or (children().count() > id.count())}
ext-1:Must have either extensions or value[x], not both {extension.exists() != value.exists()}"
"Extension.extension:subunit.extension:length.id","Extension.extension.extension.id","","","",0,1,"","","","string {[]} {[]}
","Unique id for inter-element referencing","Unique id for the element within a resource (for internal references). This may be any string value that does not contain spaces.","","","","","","","","","",,,,,"",,,,"Element.id",0,1,"","","n/a"
"Extension.extension:subunit.extension:length.extension","Extension.extension.extension.extension","","extensions
user content","",0,*,"","","","Extension {[]} {[]}
","Additional content defined by implementations","May be used to represent additional information that is not part of the basic definition of the element. To make the use of extensions safe and manageable, there is a strict set of governance  applied to the definition and use of extensions. Though any implementer can define an extension, there is a set of requirements that SHALL be met as part of the definition of the extension.","There can be no stigma associated with the use of extensions by any application, project, or standard - regardless of the institution or jurisdiction that uses or defines the extensions.  The use of extensions is what allows the FHIR specification to retain a core level of simplicity for everyone.","","","","","","","","",,,,,"","value:url}
","Extensions are always sliced by (at least) url",,"open","Element.extension",0,*,"","ele-1:All FHIR elements must have a @value or children {hasValue() or (children().count() > id.count())}
ext-1:Must have either extensions or value[x], not both {extension.exists() != value.exists()}","n/a"
"Extension.extension:subunit.extension:length.url","Extension.extension.extension.url","","","",1,1,"","","","uri {[]} {[]}
","identifies the meaning of the extension","Source of the definition for the extension code - a logical name or a URL.","The definition may point directly to a computable or human-readable definition of the extensibility codes, or it may be a logical URI as declared in some other specification. The definition SHALL be a URI for the Structure Definition defining the extension.","","","","","","","","",,,,,"",,,,"Extension.url",1,1,"","","N/A"
"Extension.extension:subunit.extension:length.value[x]","Extension.extension.extension.value[x]","","","",0,1,"","","","integer {[]} {[]}
","The length of the sequence shall be captured","Value of extension - must be one of a constrained set of the data types (see [Extensibility](http://hl7.org/fhir/R4/extensibility.html) for a list).","","","","","","","","","",,,,,"",,,,"Extension.value[x]",0,1,"","ele-1:All FHIR elements must have a @value or children {hasValue() or (children().count() > id.count())}
","N/A"
"Extension.extension:subunit.extension:sequenceAttachment","Extension.extension.extension","sequenceAttachment","","",0,1,"","","","Extension {[]} {[]}
","(TBC)","An Extension","","","","","","","","","",,,,,"",,,,"Element.extension",0,*,"","ele-1:All FHIR elements must have a @value or children {hasValue() or (children().count() > id.count())}
ext-1:Must have either extensions or value[x], not both {extension.exists() != value.exists()}"
"Extension.extension:subunit.extension:sequenceAttachment.id","Extension.extension.extension.id","","","",0,1,"","","","string {[]} {[]}
","Unique id for inter-element referencing","Unique id for the element within a resource (for internal references). This may be any string value that does not contain spaces.","","","","","","","","","",,,,,"",,,,"Element.id",0,1,"","","n/a"
"Extension.extension:subunit.extension:sequenceAttachment.extension","Extension.extension.extension.extension","","extensions
user content","",0,*,"","","","Extension {[]} {[]}
","Additional content defined by implementations","May be used to represent additional information that is not part of the basic definition of the element. To make the use of extensions safe and manageable, there is a strict set of governance  applied to the definition and use of extensions. Though any implementer can define an extension, there is a set of requirements that SHALL be met as part of the definition of the extension.","There can be no stigma associated with the use of extensions by any application, project, or standard - regardless of the institution or jurisdiction that uses or defines the extensions.  The use of extensions is what allows the FHIR specification to retain a core level of simplicity for everyone.","","","","","","","","",,,,,"","value:url}
","Extensions are always sliced by (at least) url",,"open","Element.extension",0,*,"","ele-1:All FHIR elements must have a @value or children {hasValue() or (children().count() > id.count())}
ext-1:Must have either extensions or value[x], not both {extension.exists() != value.exists()}","n/a"
"Extension.extension:subunit.extension:sequenceAttachment.url","Extension.extension.extension.url","","","",1,1,"","","","uri {[]} {[]}
","identifies the meaning of the extension","Source of the definition for the extension code - a logical name or a URL.","The definition may point directly to a computable or human-readable definition of the extensibility codes, or it may be a logical URI as declared in some other specification. The definition SHALL be a URI for the Structure Definition defining the extension.","","","","","","","","",,,,,"",,,,"Extension.url",1,1,"","","N/A"
"Extension.extension:subunit.extension:sequenceAttachment.value[x]","Extension.extension.extension.value[x]","","","",0,1,"","","","Attachment {[]} {[]}
","(TBC)","Value of extension - must be one of a constrained set of the data types (see [Extensibility](http://hl7.org/fhir/R4/extensibility.html) for a list).","","","","","","","","","",,,,,"",,,,"Extension.value[x]",0,1,"","ele-1:All FHIR elements must have a @value or children {hasValue() or (children().count() > id.count())}
","N/A"
"Extension.extension:subunit.extension:fivePrime","Extension.extension.extension","fivePrime","","",0,1,"","","","Extension {[]} {[]}
","The nucleotide present at the 5’ terminal shall be specified based on a controlled vocabulary. Since the sequence is represented from the 5' to the 3' end, the 5’ prime nucleotide is the letter at the first position in the sequence. A separate representation would be redundant","An Extension","","","","","","","","","",,,,,"",,,,"Element.extension",0,*,"","ele-1:All FHIR elements must have a @value or children {hasValue() or (children().count() > id.count())}
ext-1:Must have either extensions or value[x], not both {extension.exists() != value.exists()}"
"Extension.extension:subunit.extension:fivePrime.id","Extension.extension.extension.id","","","",0,1,"","","","string {[]} {[]}
","Unique id for inter-element referencing","Unique id for the element within a resource (for internal references). This may be any string value that does not contain spaces.","","","","","","","","","",,,,,"",,,,"Element.id",0,1,"","","n/a"
"Extension.extension:subunit.extension:fivePrime.extension","Extension.extension.extension.extension","","extensions
user content","",0,*,"","","","Extension {[]} {[]}
","Additional content defined by implementations","May be used to represent additional information that is not part of the basic definition of the element. To make the use of extensions safe and manageable, there is a strict set of governance  applied to the definition and use of extensions. Though any implementer can define an extension, there is a set of requirements that SHALL be met as part of the definition of the extension.","There can be no stigma associated with the use of extensions by any application, project, or standard - regardless of the institution or jurisdiction that uses or defines the extensions.  The use of extensions is what allows the FHIR specification to retain a core level of simplicity for everyone.","","","","","","","","",,,,,"","value:url}
","Extensions are always sliced by (at least) url",,"open","Element.extension",0,*,"","ele-1:All FHIR elements must have a @value or children {hasValue() or (children().count() > id.count())}
ext-1:Must have either extensions or value[x], not both {extension.exists() != value.exists()}","n/a"
"Extension.extension:subunit.extension:fivePrime.url","Extension.extension.extension.url","","","",1,1,"","","","uri {[]} {[]}
","identifies the meaning of the extension","Source of the definition for the extension code - a logical name or a URL.","The definition may point directly to a computable or human-readable definition of the extensibility codes, or it may be a logical URI as declared in some other specification. The definition SHALL be a URI for the Structure Definition defining the extension.","","","","","","","","",,,,,"",,,,"Extension.url",1,1,"","","N/A"
"Extension.extension:subunit.extension:fivePrime.value[x]","Extension.extension.extension.value[x]","","","",0,1,"","","","CodeableConcept {[]} {[]}
","The nucleotide present at the 5’ terminal shall be specified based on a controlled vocabulary. Since the sequence is represented from the 5' to the 3' end, the 5’ prime nucleotide is the letter at the first position in the sequence. A separate representation would be redundant","Value of extension - must be one of a constrained set of the data types (see [Extensibility](http://hl7.org/fhir/R4/extensibility.html) for a list).","","","","","","","","","",,,,,"",,,,"Extension.value[x]",0,1,"","ele-1:All FHIR elements must have a @value or children {hasValue() or (children().count() > id.count())}
","N/A"
"Extension.extension:subunit.extension:threePrime","Extension.extension.extension","threePrime","","",0,1,"","","","Extension {[]} {[]}
","The nucleotide present at the 3’ terminal shall be specified based on a controlled vocabulary. Since the sequence is represented from the 5' to the 3' end, the 5’ prime nucleotide is the letter at the last position in the sequence. A separate representation would be redundant","An Extension","","","","","","","","","",,,,,"",,,,"Element.extension",0,*,"","ele-1:All FHIR elements must have a @value or children {hasValue() or (children().count() > id.count())}
ext-1:Must have either extensions or value[x], not both {extension.exists() != value.exists()}"
"Extension.extension:subunit.extension:threePrime.id","Extension.extension.extension.id","","","",0,1,"","","","string {[]} {[]}
","Unique id for inter-element referencing","Unique id for the element within a resource (for internal references). This may be any string value that does not contain spaces.","","","","","","","","","",,,,,"",,,,"Element.id",0,1,"","","n/a"
"Extension.extension:subunit.extension:threePrime.extension","Extension.extension.extension.extension","","extensions
user content","",0,*,"","","","Extension {[]} {[]}
","Additional content defined by implementations","May be used to represent additional information that is not part of the basic definition of the element. To make the use of extensions safe and manageable, there is a strict set of governance  applied to the definition and use of extensions. Though any implementer can define an extension, there is a set of requirements that SHALL be met as part of the definition of the extension.","There can be no stigma associated with the use of extensions by any application, project, or standard - regardless of the institution or jurisdiction that uses or defines the extensions.  The use of extensions is what allows the FHIR specification to retain a core level of simplicity for everyone.","","","","","","","","",,,,,"","value:url}
","Extensions are always sliced by (at least) url",,"open","Element.extension",0,*,"","ele-1:All FHIR elements must have a @value or children {hasValue() or (children().count() > id.count())}
ext-1:Must have either extensions or value[x], not both {extension.exists() != value.exists()}","n/a"
"Extension.extension:subunit.extension:threePrime.url","Extension.extension.extension.url","","","",1,1,"","","","uri {[]} {[]}
","identifies the meaning of the extension","Source of the definition for the extension code - a logical name or a URL.","The definition may point directly to a computable or human-readable definition of the extensibility codes, or it may be a logical URI as declared in some other specification. The definition SHALL be a URI for the Structure Definition defining the extension.","","","","","","","","",,,,,"",,,,"Extension.url",1,1,"","","N/A"
"Extension.extension:subunit.extension:threePrime.value[x]","Extension.extension.extension.value[x]","","","",0,1,"","","","CodeableConcept {[]} {[]}
","The nucleotide present at the 3’ terminal shall be specified based on a controlled vocabulary. Since the sequence is represented from the 5' to the 3' end, the 5’ prime nucleotide is the letter at the last position in the sequence. A separate representation would be redundant","Value of extension - must be one of a constrained set of the data types (see [Extensibility](http://hl7.org/fhir/R4/extensibility.html) for a list).","","","","","","","","","",,,,,"",,,,"Extension.value[x]",0,1,"","ele-1:All FHIR elements must have a @value or children {hasValue() or (children().count() > id.count())}
","N/A"
"Extension.extension:subunit.extension:linkage","Extension.extension.extension","linkage","","",0,*,"","","","Extension {[]} {[]}
","The linkages between sugar residues will also be captured","An Extension","","","","","","","","","",,,,,"",,,,"Element.extension",0,*,"","ele-1:All FHIR elements must have a @value or children {hasValue() or (children().count() > id.count())}
ext-1:Must have either extensions or value[x], not both {extension.exists() != value.exists()}"
"Extension.extension:subunit.extension:linkage.id","Extension.extension.extension.id","","","",0,1,"","","","string {[]} {[]}
","Unique id for inter-element referencing","Unique id for the element within a resource (for internal references). This may be any string value that does not contain spaces.","","","","","","","","","",,,,,"",,,,"Element.id",0,1,"","","n/a"
"Extension.extension:subunit.extension:linkage.extension","Extension.extension.extension.extension","","","",0,*,"","","","Extension {[]} {[]}
","Extension","An Extension","","","","","","","","","",,,,,"","value:url}
","Extensions are always sliced by (at least) url",,"closed","Element.extension",0,*,"","ele-1:All FHIR elements must have a @value or children {hasValue() or (children().count() > id.count())}
ext-1:Must have either extensions or value[x], not both {extension.exists() != value.exists()}"
"Extension.extension:subunit.extension:linkage.extension:connectivity","Extension.extension.extension.extension","connectivity","","",0,1,"","","","Extension {[]} {[]}
","The entity that links the sugar residues together should also be captured for nearly all naturally occurring nucleic acid the linkage is a phosphate group. For many synthetic oligonucleotides phosphorothioate linkages are often seen. Linkage connectivity is assumed to be 3’-5’. If the linkage is either 3’-3’ or 5’-5’ this should be specified","An Extension","","","","","","","","","",,,,,"",,,,"Element.extension",0,*,"","ele-1:All FHIR elements must have a @value or children {hasValue() or (children().count() > id.count())}
ext-1:Must have either extensions or value[x], not both {extension.exists() != value.exists()}"
"Extension.extension:subunit.extension:linkage.extension:connectivity.id","Extension.extension.extension.extension.id","","","",0,1,"","","","string {[]} {[]}
","Unique id for inter-element referencing","Unique id for the element within a resource (for internal references). This may be any string value that does not contain spaces.","","","","","","","","","",,,,,"",,,,"Element.id",0,1,"","","n/a"
"Extension.extension:subunit.extension:linkage.extension:connectivity.extension","Extension.extension.extension.extension.extension","","extensions
user content","",0,*,"","","","Extension {[]} {[]}
","Additional content defined by implementations","May be used to represent additional information that is not part of the basic definition of the element. To make the use of extensions safe and manageable, there is a strict set of governance  applied to the definition and use of extensions. Though any implementer can define an extension, there is a set of requirements that SHALL be met as part of the definition of the extension.","There can be no stigma associated with the use of extensions by any application, project, or standard - regardless of the institution or jurisdiction that uses or defines the extensions.  The use of extensions is what allows the FHIR specification to retain a core level of simplicity for everyone.","","","","","","","","",,,,,"","value:url}
","Extensions are always sliced by (at least) url",,"open","Element.extension",0,*,"","ele-1:All FHIR elements must have a @value or children {hasValue() or (children().count() > id.count())}
ext-1:Must have either extensions or value[x], not both {extension.exists() != value.exists()}","n/a"
"Extension.extension:subunit.extension:linkage.extension:connectivity.url","Extension.extension.extension.extension.url","","","",1,1,"","","","uri {[]} {[]}
","identifies the meaning of the extension","Source of the definition for the extension code - a logical name or a URL.","The definition may point directly to a computable or human-readable definition of the extensibility codes, or it may be a logical URI as declared in some other specification. The definition SHALL be a URI for the Structure Definition defining the extension.","","","","","","","","",,,,,"",,,,"Extension.url",1,1,"","","N/A"
"Extension.extension:subunit.extension:linkage.extension:connectivity.value[x]","Extension.extension.extension.extension.value[x]","","","",0,1,"","","","string {[]} {[]}
","The entity that links the sugar residues together should also be captured for nearly all naturally occurring nucleic acid the linkage is a phosphate group. For many synthetic oligonucleotides phosphorothioate linkages are often seen. Linkage connectivity is assumed to be 3’-5’. If the linkage is either 3’-3’ or 5’-5’ this should be specified","Value of extension - must be one of a constrained set of the data types (see [Extensibility](http://hl7.org/fhir/R4/extensibility.html) for a list).","","","","","","","","","",,,,,"",,,,"Extension.value[x]",0,1,"","ele-1:All FHIR elements must have a @value or children {hasValue() or (children().count() > id.count())}
","N/A"
"Extension.extension:subunit.extension:linkage.extension:identifier","Extension.extension.extension.extension","identifier","","",0,1,"","","","Extension {[]} {[]}
","Each linkage will be registered as a fragment and have an ID","An Extension","","","","","","","","","",,,,,"",,,,"Element.extension",0,*,"","ele-1:All FHIR elements must have a @value or children {hasValue() or (children().count() > id.count())}
ext-1:Must have either extensions or value[x], not both {extension.exists() != value.exists()}"
"Extension.extension:subunit.extension:linkage.extension:identifier.id","Extension.extension.extension.extension.id","","","",0,1,"","","","string {[]} {[]}
","Unique id for inter-element referencing","Unique id for the element within a resource (for internal references). This may be any string value that does not contain spaces.","","","","","","","","","",,,,,"",,,,"Element.id",0,1,"","","n/a"
"Extension.extension:subunit.extension:linkage.extension:identifier.extension","Extension.extension.extension.extension.extension","","extensions
user content","",0,*,"","","","Extension {[]} {[]}
","Additional content defined by implementations","May be used to represent additional information that is not part of the basic definition of the element. To make the use of extensions safe and manageable, there is a strict set of governance  applied to the definition and use of extensions. Though any implementer can define an extension, there is a set of requirements that SHALL be met as part of the definition of the extension.","There can be no stigma associated with the use of extensions by any application, project, or standard - regardless of the institution or jurisdiction that uses or defines the extensions.  The use of extensions is what allows the FHIR specification to retain a core level of simplicity for everyone.","","","","","","","","",,,,,"","value:url}
","Extensions are always sliced by (at least) url",,"open","Element.extension",0,*,"","ele-1:All FHIR elements must have a @value or children {hasValue() or (children().count() > id.count())}
ext-1:Must have either extensions or value[x], not both {extension.exists() != value.exists()}","n/a"
"Extension.extension:subunit.extension:linkage.extension:identifier.url","Extension.extension.extension.extension.url","","","",1,1,"","","","uri {[]} {[]}
","identifies the meaning of the extension","Source of the definition for the extension code - a logical name or a URL.","The definition may point directly to a computable or human-readable definition of the extensibility codes, or it may be a logical URI as declared in some other specification. The definition SHALL be a URI for the Structure Definition defining the extension.","","","","","","","","",,,,,"",,,,"Extension.url",1,1,"","","N/A"
"Extension.extension:subunit.extension:linkage.extension:identifier.value[x]","Extension.extension.extension.extension.value[x]","","","",0,1,"","","","Identifier {[]} {[]}
","Each linkage will be registered as a fragment and have an ID","Value of extension - must be one of a constrained set of the data types (see [Extensibility](http://hl7.org/fhir/R4/extensibility.html) for a list).","","","","","","","","","",,,,,"",,,,"Extension.value[x]",0,1,"","ele-1:All FHIR elements must have a @value or children {hasValue() or (children().count() > id.count())}
","N/A"
"Extension.extension:subunit.extension:linkage.extension:name","Extension.extension.extension.extension","name","","",0,1,"","","","Extension {[]} {[]}
","Each linkage will be registered as a fragment and have at least one name. A single name shall be assigned to each linkage","An Extension","","","","","","","","","",,,,,"",,,,"Element.extension",0,*,"","ele-1:All FHIR elements must have a @value or children {hasValue() or (children().count() > id.count())}
ext-1:Must have either extensions or value[x], not both {extension.exists() != value.exists()}"
"Extension.extension:subunit.extension:linkage.extension:name.id","Extension.extension.extension.extension.id","","","",0,1,"","","","string {[]} {[]}
","Unique id for inter-element referencing","Unique id for the element within a resource (for internal references). This may be any string value that does not contain spaces.","","","","","","","","","",,,,,"",,,,"Element.id",0,1,"","","n/a"
"Extension.extension:subunit.extension:linkage.extension:name.extension","Extension.extension.extension.extension.extension","","extensions
user content","",0,*,"","","","Extension {[]} {[]}
","Additional content defined by implementations","May be used to represent additional information that is not part of the basic definition of the element. To make the use of extensions safe and manageable, there is a strict set of governance  applied to the definition and use of extensions. Though any implementer can define an extension, there is a set of requirements that SHALL be met as part of the definition of the extension.","There can be no stigma associated with the use of extensions by any application, project, or standard - regardless of the institution or jurisdiction that uses or defines the extensions.  The use of extensions is what allows the FHIR specification to retain a core level of simplicity for everyone.","","","","","","","","",,,,,"","value:url}
","Extensions are always sliced by (at least) url",,"open","Element.extension",0,*,"","ele-1:All FHIR elements must have a @value or children {hasValue() or (children().count() > id.count())}
ext-1:Must have either extensions or value[x], not both {extension.exists() != value.exists()}","n/a"
"Extension.extension:subunit.extension:linkage.extension:name.url","Extension.extension.extension.extension.url","","","",1,1,"","","","uri {[]} {[]}
","identifies the meaning of the extension","Source of the definition for the extension code - a logical name or a URL.","The definition may point directly to a computable or human-readable definition of the extensibility codes, or it may be a logical URI as declared in some other specification. The definition SHALL be a URI for the Structure Definition defining the extension.","","","","","","","","",,,,,"",,,,"Extension.url",1,1,"","","N/A"
"Extension.extension:subunit.extension:linkage.extension:name.value[x]","Extension.extension.extension.extension.value[x]","","","",0,1,"","","","string {[]} {[]}
","Each linkage will be registered as a fragment and have at least one name. A single name shall be assigned to each linkage","Value of extension - must be one of a constrained set of the data types (see [Extensibility](http://hl7.org/fhir/R4/extensibility.html) for a list).","","","","","","","","","",,,,,"",,,,"Extension.value[x]",0,1,"","ele-1:All FHIR elements must have a @value or children {hasValue() or (children().count() > id.count())}
","N/A"
"Extension.extension:subunit.extension:linkage.extension:residueSite","Extension.extension.extension.extension","residueSite","","",0,1,"","","","Extension {[]} {[]}
","Residues shall be captured as described in 5.3.6.8.3","An Extension","","","","","","","","","",,,,,"",,,,"Element.extension",0,*,"","ele-1:All FHIR elements must have a @value or children {hasValue() or (children().count() > id.count())}
ext-1:Must have either extensions or value[x], not both {extension.exists() != value.exists()}"
"Extension.extension:subunit.extension:linkage.extension:residueSite.id","Extension.extension.extension.extension.id","","","",0,1,"","","","string {[]} {[]}
","Unique id for inter-element referencing","Unique id for the element within a resource (for internal references). This may be any string value that does not contain spaces.","","","","","","","","","",,,,,"",,,,"Element.id",0,1,"","","n/a"
"Extension.extension:subunit.extension:linkage.extension:residueSite.extension","Extension.extension.extension.extension.extension","","extensions
user content","",0,*,"","","","Extension {[]} {[]}
","Additional content defined by implementations","May be used to represent additional information that is not part of the basic definition of the element. To make the use of extensions safe and manageable, there is a strict set of governance  applied to the definition and use of extensions. Though any implementer can define an extension, there is a set of requirements that SHALL be met as part of the definition of the extension.","There can be no stigma associated with the use of extensions by any application, project, or standard - regardless of the institution or jurisdiction that uses or defines the extensions.  The use of extensions is what allows the FHIR specification to retain a core level of simplicity for everyone.","","","","","","","","",,,,,"","value:url}
","Extensions are always sliced by (at least) url",,"open","Element.extension",0,*,"","ele-1:All FHIR elements must have a @value or children {hasValue() or (children().count() > id.count())}
ext-1:Must have either extensions or value[x], not both {extension.exists() != value.exists()}","n/a"
"Extension.extension:subunit.extension:linkage.extension:residueSite.url","Extension.extension.extension.extension.url","","","",1,1,"","","","uri {[]} {[]}
","identifies the meaning of the extension","Source of the definition for the extension code - a logical name or a URL.","The definition may point directly to a computable or human-readable definition of the extensibility codes, or it may be a logical URI as declared in some other specification. The definition SHALL be a URI for the Structure Definition defining the extension.","","","","","","","","",,,,,"",,,,"Extension.url",1,1,"","","N/A"
"Extension.extension:subunit.extension:linkage.extension:residueSite.value[x]","Extension.extension.extension.extension.value[x]","","","",0,1,"","","","string {[]} {[]}
","Residues shall be captured as described in 5.3.6.8.3","Value of extension - must be one of a constrained set of the data types (see [Extensibility](http://hl7.org/fhir/R4/extensibility.html) for a list).","","","","","","","","","",,,,,"",,,,"Extension.value[x]",0,1,"","ele-1:All FHIR elements must have a @value or children {hasValue() or (children().count() > id.count())}
","N/A"
"Extension.extension:subunit.extension:linkage.url","Extension.extension.extension.url","","","",1,1,"","","","uri {[]} {[]}
","identifies the meaning of the extension","Source of the definition for the extension code - a logical name or a URL.","The definition may point directly to a computable or human-readable definition of the extensibility codes, or it may be a logical URI as declared in some other specification. The definition SHALL be a URI for the Structure Definition defining the extension.","","","","","","","","",,,,,"",,,,"Extension.url",1,1,"","","N/A"
"Extension.extension:subunit.extension:linkage.value[x]","Extension.extension.extension.value[x]","","","",0,1,"","","","base64Binary {[]} {[]}
boolean {[]} {[]}canonical {[]} {[]}code {[]} {[]}date {[]} {[]}dateTime {[]} {[]}decimal {[]} {[]}id {[]} {[]}instant {[]} {[]}integer {[]} {[]}markdown {[]} {[]}oid {[]} {[]}positiveInt {[]} {[]}string {[]} {[]}time {[]} {[]}unsignedInt {[]} {[]}uri {[]} {[]}url {[]} {[]}uuid {[]} {[]}Address {[]} {[]}Age {[]} {[]}Annotation {[]} {[]}Attachment {[]} {[]}CodeableConcept {[]} {[]}Coding {[]} {[]}ContactPoint {[]} {[]}Count {[]} {[]}Distance {[]} {[]}Duration {[]} {[]}HumanName {[]} {[]}Identifier {[]} {[]}Money {[]} {[]}Period {[]} {[]}Quantity {[]} {[]}Range {[]} {[]}Ratio {[]} {[]}Reference {[]} {[]}SampledData {[]} {[]}Signature {[]} {[]}Timing {[]} {[]}ContactDetail {[]} {[]}Contributor {[]} {[]}DataRequirement {[]} {[]}Expression {[]} {[]}ParameterDefinition {[]} {[]}RelatedArtifact {[]} {[]}TriggerDefinition {[]} {[]}UsageContext {[]} {[]}Dosage {[]} {[]}Meta {[]} {[]}","Value of extension","Value of extension - must be one of a constrained set of the data types (see [Extensibility](http://hl7.org/fhir/R4/extensibility.html) for a list).","","","","","","","","","",,,,,"",,,,"Extension.value[x]",0,1,"","ele-1:All FHIR elements must have a @value or children {hasValue() or (children().count() > id.count())}
","N/A"
"Extension.extension:subunit.extension:sugar","Extension.extension.extension","sugar","","",0,*,"","","","Extension {[]} {[]}
","5.3.6.8.1 Sugar ID (Mandatory)","An Extension","","","","","","","","","",,,,,"",,,,"Element.extension",0,*,"","ele-1:All FHIR elements must have a @value or children {hasValue() or (children().count() > id.count())}
ext-1:Must have either extensions or value[x], not both {extension.exists() != value.exists()}"
"Extension.extension:subunit.extension:sugar.id","Extension.extension.extension.id","","","",0,1,"","","","string {[]} {[]}
","Unique id for inter-element referencing","Unique id for the element within a resource (for internal references). This may be any string value that does not contain spaces.","","","","","","","","","",,,,,"",,,,"Element.id",0,1,"","","n/a"
"Extension.extension:subunit.extension:sugar.extension","Extension.extension.extension.extension","","","",0,*,"","","","Extension {[]} {[]}
","Extension","An Extension","","","","","","","","","",,,,,"","value:url}
","Extensions are always sliced by (at least) url",,"closed","Element.extension",0,*,"","ele-1:All FHIR elements must have a @value or children {hasValue() or (children().count() > id.count())}
ext-1:Must have either extensions or value[x], not both {extension.exists() != value.exists()}"
"Extension.extension:subunit.extension:sugar.extension:identifier","Extension.extension.extension.extension","identifier","","",0,1,"","","","Extension {[]} {[]}
","The Substance ID of the sugar or sugar-like component that make up the nucleotide","An Extension","","","","","","","","","",,,,,"",,,,"Element.extension",0,*,"","ele-1:All FHIR elements must have a @value or children {hasValue() or (children().count() > id.count())}
ext-1:Must have either extensions or value[x], not both {extension.exists() != value.exists()}"
"Extension.extension:subunit.extension:sugar.extension:identifier.id","Extension.extension.extension.extension.id","","","",0,1,"","","","string {[]} {[]}
","Unique id for inter-element referencing","Unique id for the element within a resource (for internal references). This may be any string value that does not contain spaces.","","","","","","","","","",,,,,"",,,,"Element.id",0,1,"","","n/a"
"Extension.extension:subunit.extension:sugar.extension:identifier.extension","Extension.extension.extension.extension.extension","","extensions
user content","",0,*,"","","","Extension {[]} {[]}
","Additional content defined by implementations","May be used to represent additional information that is not part of the basic definition of the element. To make the use of extensions safe and manageable, there is a strict set of governance  applied to the definition and use of extensions. Though any implementer can define an extension, there is a set of requirements that SHALL be met as part of the definition of the extension.","There can be no stigma associated with the use of extensions by any application, project, or standard - regardless of the institution or jurisdiction that uses or defines the extensions.  The use of extensions is what allows the FHIR specification to retain a core level of simplicity for everyone.","","","","","","","","",,,,,"","value:url}
","Extensions are always sliced by (at least) url",,"open","Element.extension",0,*,"","ele-1:All FHIR elements must have a @value or children {hasValue() or (children().count() > id.count())}
ext-1:Must have either extensions or value[x], not both {extension.exists() != value.exists()}","n/a"
"Extension.extension:subunit.extension:sugar.extension:identifier.url","Extension.extension.extension.extension.url","","","",1,1,"","","","uri {[]} {[]}
","identifies the meaning of the extension","Source of the definition for the extension code - a logical name or a URL.","The definition may point directly to a computable or human-readable definition of the extensibility codes, or it may be a logical URI as declared in some other specification. The definition SHALL be a URI for the Structure Definition defining the extension.","","","","","","","","",,,,,"",,,,"Extension.url",1,1,"","","N/A"
"Extension.extension:subunit.extension:sugar.extension:identifier.value[x]","Extension.extension.extension.extension.value[x]","","","",0,1,"","","","Identifier {[]} {[]}
","The Substance ID of the sugar or sugar-like component that make up the nucleotide","Value of extension - must be one of a constrained set of the data types (see [Extensibility](http://hl7.org/fhir/R4/extensibility.html) for a list).","","","","","","","","","",,,,,"",,,,"Extension.value[x]",0,1,"","ele-1:All FHIR elements must have a @value or children {hasValue() or (children().count() > id.count())}
","N/A"
"Extension.extension:subunit.extension:sugar.extension:name","Extension.extension.extension.extension","name","","",0,1,"","","","Extension {[]} {[]}
","The name of the sugar or sugar-like component that make up the nucleotide","An Extension","","","","","","","","","",,,,,"",,,,"Element.extension",0,*,"","ele-1:All FHIR elements must have a @value or children {hasValue() or (children().count() > id.count())}
ext-1:Must have either extensions or value[x], not both {extension.exists() != value.exists()}"
"Extension.extension:subunit.extension:sugar.extension:name.id","Extension.extension.extension.extension.id","","","",0,1,"","","","string {[]} {[]}
","Unique id for inter-element referencing","Unique id for the element within a resource (for internal references). This may be any string value that does not contain spaces.","","","","","","","","","",,,,,"",,,,"Element.id",0,1,"","","n/a"
"Extension.extension:subunit.extension:sugar.extension:name.extension","Extension.extension.extension.extension.extension","","extensions
user content","",0,*,"","","","Extension {[]} {[]}
","Additional content defined by implementations","May be used to represent additional information that is not part of the basic definition of the element. To make the use of extensions safe and manageable, there is a strict set of governance  applied to the definition and use of extensions. Though any implementer can define an extension, there is a set of requirements that SHALL be met as part of the definition of the extension.","There can be no stigma associated with the use of extensions by any application, project, or standard - regardless of the institution or jurisdiction that uses or defines the extensions.  The use of extensions is what allows the FHIR specification to retain a core level of simplicity for everyone.","","","","","","","","",,,,,"","value:url}
","Extensions are always sliced by (at least) url",,"open","Element.extension",0,*,"","ele-1:All FHIR elements must have a @value or children {hasValue() or (children().count() > id.count())}
ext-1:Must have either extensions or value[x], not both {extension.exists() != value.exists()}","n/a"
"Extension.extension:subunit.extension:sugar.extension:name.url","Extension.extension.extension.extension.url","","","",1,1,"","","","uri {[]} {[]}
","identifies the meaning of the extension","Source of the definition for the extension code - a logical name or a URL.","The definition may point directly to a computable or human-readable definition of the extensibility codes, or it may be a logical URI as declared in some other specification. The definition SHALL be a URI for the Structure Definition defining the extension.","","","","","","","","",,,,,"",,,,"Extension.url",1,1,"","","N/A"
"Extension.extension:subunit.extension:sugar.extension:name.value[x]","Extension.extension.extension.extension.value[x]","","","",0,1,"","","","string {[]} {[]}
","The name of the sugar or sugar-like component that make up the nucleotide","Value of extension - must be one of a constrained set of the data types (see [Extensibility](http://hl7.org/fhir/R4/extensibility.html) for a list).","","","","","","","","","",,,,,"",,,,"Extension.value[x]",0,1,"","ele-1:All FHIR elements must have a @value or children {hasValue() or (children().count() > id.count())}
","N/A"
"Extension.extension:subunit.extension:sugar.extension:residueSite","Extension.extension.extension.extension","residueSite","","",0,1,"","","","Extension {[]} {[]}
","The residues that contain a given sugar will be captured. The order of given residues will be captured in the 5‘-3‘direction consistent with the base sequences listed above","An Extension","","","","","","","","","",,,,,"",,,,"Element.extension",0,*,"","ele-1:All FHIR elements must have a @value or children {hasValue() or (children().count() > id.count())}
ext-1:Must have either extensions or value[x], not both {extension.exists() != value.exists()}"
"Extension.extension:subunit.extension:sugar.extension:residueSite.id","Extension.extension.extension.extension.id","","","",0,1,"","","","string {[]} {[]}
","Unique id for inter-element referencing","Unique id for the element within a resource (for internal references). This may be any string value that does not contain spaces.","","","","","","","","","",,,,,"",,,,"Element.id",0,1,"","","n/a"
"Extension.extension:subunit.extension:sugar.extension:residueSite.extension","Extension.extension.extension.extension.extension","","extensions
user content","",0,*,"","","","Extension {[]} {[]}
","Additional content defined by implementations","May be used to represent additional information that is not part of the basic definition of the element. To make the use of extensions safe and manageable, there is a strict set of governance  applied to the definition and use of extensions. Though any implementer can define an extension, there is a set of requirements that SHALL be met as part of the definition of the extension.","There can be no stigma associated with the use of extensions by any application, project, or standard - regardless of the institution or jurisdiction that uses or defines the extensions.  The use of extensions is what allows the FHIR specification to retain a core level of simplicity for everyone.","","","","","","","","",,,,,"","value:url}
","Extensions are always sliced by (at least) url",,"open","Element.extension",0,*,"","ele-1:All FHIR elements must have a @value or children {hasValue() or (children().count() > id.count())}
ext-1:Must have either extensions or value[x], not both {extension.exists() != value.exists()}","n/a"
"Extension.extension:subunit.extension:sugar.extension:residueSite.url","Extension.extension.extension.extension.url","","","",1,1,"","","","uri {[]} {[]}
","identifies the meaning of the extension","Source of the definition for the extension code - a logical name or a URL.","The definition may point directly to a computable or human-readable definition of the extensibility codes, or it may be a logical URI as declared in some other specification. The definition SHALL be a URI for the Structure Definition defining the extension.","","","","","","","","",,,,,"",,,,"Extension.url",1,1,"","","N/A"
"Extension.extension:subunit.extension:sugar.extension:residueSite.value[x]","Extension.extension.extension.extension.value[x]","","","",0,1,"","","","string {[]} {[]}
","The residues that contain a given sugar will be captured. The order of given residues will be captured in the 5‘-3‘direction consistent with the base sequences listed above","Value of extension - must be one of a constrained set of the data types (see [Extensibility](http://hl7.org/fhir/R4/extensibility.html) for a list).","","","","","","","","","",,,,,"",,,,"Extension.value[x]",0,1,"","ele-1:All FHIR elements must have a @value or children {hasValue() or (children().count() > id.count())}
","N/A"
"Extension.extension:subunit.extension:sugar.url","Extension.extension.extension.url","","","",1,1,"","","","uri {[]} {[]}
","identifies the meaning of the extension","Source of the definition for the extension code - a logical name or a URL.","The definition may point directly to a computable or human-readable definition of the extensibility codes, or it may be a logical URI as declared in some other specification. The definition SHALL be a URI for the Structure Definition defining the extension.","","","","","","","","",,,,,"",,,,"Extension.url",1,1,"","","N/A"
"Extension.extension:subunit.extension:sugar.value[x]","Extension.extension.extension.value[x]","","","",0,1,"","","","base64Binary {[]} {[]}
boolean {[]} {[]}canonical {[]} {[]}code {[]} {[]}date {[]} {[]}dateTime {[]} {[]}decimal {[]} {[]}id {[]} {[]}instant {[]} {[]}integer {[]} {[]}markdown {[]} {[]}oid {[]} {[]}positiveInt {[]} {[]}string {[]} {[]}time {[]} {[]}unsignedInt {[]} {[]}uri {[]} {[]}url {[]} {[]}uuid {[]} {[]}Address {[]} {[]}Age {[]} {[]}Annotation {[]} {[]}Attachment {[]} {[]}CodeableConcept {[]} {[]}Coding {[]} {[]}ContactPoint {[]} {[]}Count {[]} {[]}Distance {[]} {[]}Duration {[]} {[]}HumanName {[]} {[]}Identifier {[]} {[]}Money {[]} {[]}Period {[]} {[]}Quantity {[]} {[]}Range {[]} {[]}Ratio {[]} {[]}Reference {[]} {[]}SampledData {[]} {[]}Signature {[]} {[]}Timing {[]} {[]}ContactDetail {[]} {[]}Contributor {[]} {[]}DataRequirement {[]} {[]}Expression {[]} {[]}ParameterDefinition {[]} {[]}RelatedArtifact {[]} {[]}TriggerDefinition {[]} {[]}UsageContext {[]} {[]}Dosage {[]} {[]}Meta {[]} {[]}","Value of extension","Value of extension - must be one of a constrained set of the data types (see [Extensibility](http://hl7.org/fhir/R4/extensibility.html) for a list).","","","","","","","","","",,,,,"",,,,"Extension.value[x]",0,1,"","ele-1:All FHIR elements must have a @value or children {hasValue() or (children().count() > id.count())}
","N/A"
"Extension.extension:subunit.url","Extension.extension.url","","","",1,1,"","","","uri {[]} {[]}
","identifies the meaning of the extension","Source of the definition for the extension code - a logical name or a URL.","The definition may point directly to a computable or human-readable definition of the extensibility codes, or it may be a logical URI as declared in some other specification. The definition SHALL be a URI for the Structure Definition defining the extension.","","","","","","","","",,,,,"",,,,"Extension.url",1,1,"","","N/A"
"Extension.extension:subunit.value[x]","Extension.extension.value[x]","","","",0,1,"","","","base64Binary {[]} {[]}
boolean {[]} {[]}canonical {[]} {[]}code {[]} {[]}date {[]} {[]}dateTime {[]} {[]}decimal {[]} {[]}id {[]} {[]}instant {[]} {[]}integer {[]} {[]}markdown {[]} {[]}oid {[]} {[]}positiveInt {[]} {[]}string {[]} {[]}time {[]} {[]}unsignedInt {[]} {[]}uri {[]} {[]}url {[]} {[]}uuid {[]} {[]}Address {[]} {[]}Age {[]} {[]}Annotation {[]} {[]}Attachment {[]} {[]}CodeableConcept {[]} {[]}Coding {[]} {[]}ContactPoint {[]} {[]}Count {[]} {[]}Distance {[]} {[]}Duration {[]} {[]}HumanName {[]} {[]}Identifier {[]} {[]}Money {[]} {[]}Period {[]} {[]}Quantity {[]} {[]}Range {[]} {[]}Ratio {[]} {[]}Reference {[]} {[]}SampledData {[]} {[]}Signature {[]} {[]}Timing {[]} {[]}ContactDetail {[]} {[]}Contributor {[]} {[]}DataRequirement {[]} {[]}Expression {[]} {[]}ParameterDefinition {[]} {[]}RelatedArtifact {[]} {[]}TriggerDefinition {[]} {[]}UsageContext {[]} {[]}Dosage {[]} {[]}Meta {[]} {[]}","Value of extension","Value of extension - must be one of a constrained set of the data types (see [Extensibility](http://hl7.org/fhir/R4/extensibility.html) for a list).","","","","","","","","","",,,,,"",,,,"Extension.value[x]",0,1,"","ele-1:All FHIR elements must have a @value or children {hasValue() or (children().count() > id.count())}
","N/A"
"Extension.url","Extension.url","","","",1,1,"","","","uri {[]} {[]}
","identifies the meaning of the extension","Source of the definition for the extension code - a logical name or a URL.","The definition may point directly to a computable or human-readable definition of the extensibility codes, or it may be a logical URI as declared in some other specification. The definition SHALL be a URI for the Structure Definition defining the extension.","","","","<valueUri xmlns=""http://hl7.org/fhir"" value=""http://hl7.org/fhir/5.0/StructureDefinition/extension-SubstanceNucleicAcid""/>","","","","",,,,,"",,,,"Extension.url",1,1,"","","N/A"
"Extension.value[x]","Extension.value[x]","","","",0,1,"","","","base64Binary {[]} {[]}
boolean {[]} {[]}canonical {[]} {[]}code {[]} {[]}date {[]} {[]}dateTime {[]} {[]}decimal {[]} {[]}id {[]} {[]}instant {[]} {[]}integer {[]} {[]}markdown {[]} {[]}oid {[]} {[]}positiveInt {[]} {[]}string {[]} {[]}time {[]} {[]}unsignedInt {[]} {[]}uri {[]} {[]}url {[]} {[]}uuid {[]} {[]}Address {[]} {[]}Age {[]} {[]}Annotation {[]} {[]}Attachment {[]} {[]}CodeableConcept {[]} {[]}Coding {[]} {[]}ContactPoint {[]} {[]}Count {[]} {[]}Distance {[]} {[]}Duration {[]} {[]}HumanName {[]} {[]}Identifier {[]} {[]}Money {[]} {[]}Period {[]} {[]}Quantity {[]} {[]}Range {[]} {[]}Ratio {[]} {[]}Reference {[]} {[]}SampledData {[]} {[]}Signature {[]} {[]}Timing {[]} {[]}ContactDetail {[]} {[]}Contributor {[]} {[]}DataRequirement {[]} {[]}Expression {[]} {[]}ParameterDefinition {[]} {[]}RelatedArtifact {[]} {[]}TriggerDefinition {[]} {[]}UsageContext {[]} {[]}Dosage {[]} {[]}Meta {[]} {[]}","Value of extension","Value of extension - must be one of a constrained set of the data types (see [Extensibility](http://hl7.org/fhir/R4/extensibility.html) for a list).","","","","","","","","","",,,,,"",,,,"Extension.value[x]",0,1,"","ele-1:All FHIR elements must have a @value or children {hasValue() or (children().count() > id.count())}
","N/A"
